{"cameraMode":{"drawMode":0,"name":"Shaded","section":"Shading Mode"},"sceneLighting":true,"audioPlay":false,"sceneViewState":{"showFog":false,"showMaterialUpdate":false,"showSkybox":false,"showFlares":false,"showImageEffects":false,"showParticleSystems":false},"in2DMode":false,"pivot":{"x":3.528228759765625,"y":13.069206237792969,"z":75.99447631835938},"rotation":{"x":0.4477344751358032,"y":-0.5486642718315125,"z":0.4550488591194153,"w":0.5398451685905457},"size":28.647119522094728,"orthographic":false}